"Hotel accommodation: arrivals and overnight stays of open establishments by year, month, canton and visitors' country of residence"

"Year";"Month";"Canton";"Visitors' country of residence - total Arrivals";"Switzerland Arrivals";"Baltic States Arrivals";"Germany Arrivals";"France Arrivals";"Italy Arrivals";"Austria Arrivals";"United Kingdom Arrivals";"Irland Arrivals";"Netherlands Arrivals";"Belgium Arrivals";"Luxembourg Arrivals";"Denmark Arrivals";"Sweden Arrivals";"Norway Arrivals";"Finland Arrivals";"Spain Arrivals";"Portugal Arrivals";"Greece Arrivals";"Turkey Arrivals";"Other European countries Arrivals";"Liechtenstein Arrivals";"Iceland Arrivals";"Poland Arrivals";"Hungary Arrivals";"Belarus Arrivals";"Bulgaria Arrivals";"Malta Arrivals";"Cyprus Arrivals";"Chile Arrivals";"United States Arrivals";"Canada Arrivals";"Mexico Arrivals";"Brazil Arrivals";"Argentina Arrivals";"Central America, Caribbean Arrivals";"Other South American countries Arrivals";"Other Central American countries Arrivals";"Egypt Arrivals";"Other North African countries Arrivals";"South Africa Arrivals";"Other African countries Arrivals";"Bahrain Arrivals";"Israel Arrivals";"India Arrivals";"Japan Arrivals";"Other South-East Asian countries Arrivals";"Qatar Arrivals";"Kuwait Arrivals";"Australia Arrivals";"Australia, New Zealand, Oceania Arrivals";"China Arrivals";"Gulf States Arrivals";"Hong Kong Arrivals";"Indonesia Arrivals";"South Korea Arrivals";"Malaysia Arrivals";"Philippines Arrivals";"New Zealand, Oceania Arrivals";"Singapore Arrivals";"Oman Arrivals";"Taiwan (Chinese Taipei) Arrivals";"Thailand Arrivals";"Other West Asian countries Arrivals";"Estonia Arrivals";"Latvia Arrivals";"Lithuania Arrivals";"Saudi Arabia Arrivals";"United Arab Emirates Arrivals";"Serbia and Montenegro Arrivals";"Croatia Arrivals";"Romania Arrivals";"Russia Arrivals";"Slovakia Arrivals";"Slovenia Arrivals";"Czechia Arrivals";"Ukraine Arrivals";"Serbia Arrivals"
"2009";"January";"Switzerland";1064111;528523;1250;154530;44363;38939;10142;53636;2662;20687;16390;3858;4136;6679;2310;2295;11423;3394;4141;3074;7195;756;293;3942;1346;402;972;...;...;421;29392;5021;...;4725;754;1888;1180;...;608;1173;2046;2246;...;3310;2733;7892;2136;...;...;...;7618;12580;3791;2793;360;3917;989;220;...;2813;...;1998;1801;1175;...;...;...;...;...;919;963;1955;21566;644;638;1885;2623;...
"2009";"February";"Switzerland";1089483;521069;864;160914;59787;35721;10615;65594;2880;39239;21681;6306;6214;9905;3604;3811;11249;3620;2770;2508;7060;838;452;3601;1578;344;1042;...;...;266;26846;4443;...;3229;583;1475;1049;...;765;1391;1131;2547;...;3570;2769;6970;2006;...;...;...;4084;7909;4358;1433;282;3239;804;215;...;2079;...;960;2416;1075;...;...;...;...;...;779;728;1657;9881;920;595;2435;1328;...
"2009";"March";"Switzerland";1196859;567431;1290;187297;55015;43895;14476;61323;2744;24138;24391;2841;4722;9546;4362;3432;14089;3951;3945;2538;7905;1021;391;4597;2090;382;1244;...;...;274;38721;6429;...;3164;792;2105;1504;...;1041;1754;1508;3425;...;4853;4857;9657;2973;...;...;...;4364;10988;5303;2799;999;3913;1111;260;...;3373;...;1381;4137;1276;...;...;...;...;...;964;965;2010;13485;1123;780;3676;1839;...
"2009";"April";"Switzerland";1045137;468308;1671;164642;48102;38747;13328;48590;2446;20859;19664;3063;4039;6669;2614;4032;14347;3431;4057;2001;6546;885;368;2801;3018;637;964;...;...;237;36751;6264;...;4268;816;2141;1430;...;778;1271;1512;2792;...;4021;9959;9885;2939;...;...;...;6022;15838;4621;2804;1008;5863;1277;588;...;3511;...;2498;9251;1214;...;...;...;...;...;916;1010;1750;9139;1491;1073;3029;1341;...
"2009";"May";"Switzerland";1214666;548389;1120;183987;52869;40187;16379;51515;2253;25541;13093;2900;4231;6231;2452;3345;14085;3286;3269;2618;7904;1116;482;3372;3013;347;1684;...;...;381;56438;9060;...;4523;1139;2134;1496;...;770;1395;1612;3693;...;3736;28426;17785;3864;...;...;...;9073;17530;5001;3232;1292;6588;1437;573;...;3954;...;3391;4528;1611;...;...;...;...;...;919;903;1638;13502;1014;847;3823;1690;...
"2009";"June";"Switzerland";1446249;638139;1357;222239;56648;41357;19837;66242;2957;36720;19278;3035;4778;7171;3481;4018;18013;4160;3241;2700;8377;1141;527;4169;3484;382;1591;...;...;447;82686;10637;...;4916;1416;3341;2464;...;968;1685;1968;5283;...;5710;24917;38040;4295;...;...;...;11856;13112;8306;3348;1834;6093;1434;436;...;6200;...;2610;2466;2034;...;...;...;...;...;752;1364;2480;10201;949;1213;4119;1627;...
"2009";"July";"Switzerland";1821751;805722;2264;251183;73066;49518;21200;72996;3085;77112;40464;3964;10063;8745;6706;4482;26111;3727;5326;2275;9204;1380;448;4790;4941;764;1691;...;...;434;88264;10835;...;6557;1229;3269;2067;...;1652;1891;1985;3776;...;8275;17424;64145;5135;...;...;...;12386;16701;27200;4426;1943;10585;1001;369;...;3145;...;3750;3046;2208;...;...;...;...;...;611;728;3964;12487;1389;1032;4669;1946;...
"2009";"August";"Switzerland";1876038;834422;2328;292899;84149;81086;25317;72960;3102;65531;31603;5744;5677;5909;3104;3061;39841;4393;7822;2348;10815;1514;917;4750;5255;699;1908;...;...;355;66223;9579;...;4277;947;2423;1719;...;1066;1654;1579;3327;...;11344;15100;48105;4441;...;...;...;9714;18208;21755;3809;763;10359;761;367;...;2745;...;3511;2173;1980;...;...;...;...;...;790;1054;5440;13107;1288;1192;5573;2156;...
"2009";"September";"Switzerland";1621888;789269;1389;248366;60379;44028;20758;67761;2977;32461;18140;3586;5457;8378;3955;3235;21926;3698;3577;2766;8322;1072;453;4417;3479;403;1433;...;...;507;77014;11554;...;6406;1395;3230;2186;...;999;1254;2036;3732;...;6157;12159;37268;3809;...;...;...;13308;20566;6248;3471;2962;5911;1705;467;...;3881;...;3547;3246;1698;...;...;...;...;...;795;961;2702;10916;1024;1245;4220;1624;...
"2009";"October";"Switzerland";1267800;658074;1007;171685;51764;40245;14019;43340;2368;18800;10307;2042;3735;6003;2835;2819;15283;3108;3078;2605;6094;1013;546;3292;2605;271;1024;...;...;508;47310;8061;...;6020;1175;2543;1792;...;1086;1689;1484;4279;...;5201;8477;18680;3639;...;...;...;8766;25423;6250;4018;707;6088;1247;413;...;4077;...;2779;6040;2137;...;...;...;...;...;859;945;2175;10205;748;1068;2472;1477;...
"2009";"November";"Switzerland";880617;427168;889;113166;46215;36892;11922;37362;1989;12304;9999;1826;3331;4623;2112;2113;12495;3276;3000;3317;5288;732;311;3290;1937;247;1191;...;...;275;30915;4952;...;3906;638;1973;1297;...;940;1451;1267;3817;...;2781;4952;9316;2979;...;...;...;4258;15066;5379;2036;1072;4466;1265;543;...;5194;...;1591;2119;1450;...;...;...;...;...;884;823;2217;8759;806;598;2116;1521;...
"2009";"December";"Switzerland";1039895;484062;1174;143503;53485;55949;9535;50090;2555;23561;16820;4089;3121;4440;1892;2093;13760;3017;6936;2381;5685;712;343;3899;1605;358;888;...;...;194;29318;4387;...;4000;475;1660;1380;...;875;1273;2135;2858;...;2957;4549;7762;2487;...;...;...;8127;13217;4523;2956;2708;4495;2398;285;...;11199;...;1351;3457;1404;...;...;...;...;...;756;739;2165;12503;732;621;2043;1953;...
"2010";"January";"Switzerland";1075731;539765;...;153073;45393;39336;11069;53743;2532;18919;15583;3880;4551;6261;2673;2849;11971;2776;4451;3618;5966;845;275;4213;1613;524;928;46;169;323;31431;5133;...;5582;677;1900;1400;...;782;1052;1797;2255;...;3553;2934;6606;2635;...;...;6627;...;9782;4282;1982;592;5026;808;283;1246;2835;...;1276;1668;1509;703;210;242;...;...;...;823;2022;22074;618;773;1995;2480;793
"2010";"February";"Switzerland";1136889;546033;...;163924;62347;37292;11565;65129;2647;38454;23560;6185;5416;8686;4687;3716;11382;3428;2787;3033;4816;835;353;4145;1629;519;958;242;240;270;28499;4876;...;4007;581;1580;971;...;778;1393;1253;2733;...;3526;3013;6913;2110;...;...;3035;...;16767;4522;3157;358;3821;1049;252;757;2021;...;1687;1075;1180;708;274;252;...;...;...;735;1917;10630;781;725;2385;1546;744
"2010";"March";"Switzerland";1251923;590619;...;200546;56678;42928;16012;64830;3091;24421;19182;3792;5173;11186;4711;4392;16248;3913;3976;2965;5980;1001;300;5055;2438;575;1215;308;243;250;40397;7056;...;3611;823;2200;1544;...;792;1384;1900;3300;...;4806;4990;10303;3183;...;...;3741;...;12439;5061;3349;1105;5187;1264;502;736;3916;...;2042;4348;1814;414;417;526;...;...;...;1098;2550;13933;1202;893;4088;2169;812
"2010";"April";"Switzerland";1074035;508260;...;152033;51529;38758;13043;48813;1835;20070;21251;2717;3331;5944;2470;2857;13636;3118;3368;2915;5204;822;306;3969;2219;268;1088;167;184;256;35672;6378;...;5277;823;2240;1327;...;719;1116;1349;2529;...;3529;11207;9358;2674;...;...;5635;...;17396;5370;2440;1149;6492;1440;1023;857;2179;...;2895;10332;1627;388;319;272;...;...;...;862;1852;9549;823;1152;3104;1374;876
"2010";"May";"Switzerland";1287452;570264;...;186439;53900;36733;17076;54720;2282;28510;13131;3291;4306;6288;2958;3218;16701;3430;2800;2844;6211;1120;402;4144;3029;564;1432;488;188;540;63886;9591;...;6642;1349;2773;1747;...;798;1679;2076;3890;...;3904;35027;20373;5275;...;...;10060;...;24196;5971;3956;1289;9978;2299;800;1557;4442;...;3785;6288;1657;392;306;477;...;...;...;922;2339;12133;945;1131;3437;2018;1055
"2010";"June";"Switzerland";1556381;671017;...;215766;59687;42064;20239;74863;2728;33874;22453;3064;5883;6675;4000;4163;19744;4149;3433;3107;6787;1179;630;4587;4258;538;1402;178;219;587;95781;11501;...;6089;1421;3959;2534;...;1065;1376;2502;5032;...;5359;31041;51157;4511;...;...;11981;...;28516;10431;4373;3024;9360;2353;540;2562;6373;...;4606;3569;1979;331;441;530;...;...;...;1033;2796;11855;1015;1484;3867;1953;807
"2010";"July";"Switzerland";1955557;851137;...;245103;75453;51225;22216;82055;3135;76529;40669;4115;9871;9077;8286;5066;28297;4939;4112;2657;7811;1558;369;5415;5273;584;1493;343;565;457;98577;12112;...;6937;1333;4593;2134;...;1647;1524;2119;3838;...;7751;21523;74185;6378;...;...;13285;...;34174;43476;5615;1921;13775;1474;352;2055;3643;...;4385;3808;2948;1232;500;832;...;...;...;770;3636;14274;1172;1162;5645;2184;778
"2010";"August";"Switzerland";1887475;827134;...;277384;84852;71231;25241;77856;2957;62154;33919;5802;5752;6980;3390;2966;40991;5298;5477;2174;6869;1489;605;4856;4950;631;1709;547;546;406;75942;10164;...;4995;1319;2858;1946;...;858;1137;1790;3022;...;10392;18372;53184;4551;...;...;10246;...;39795;13943;6139;986;12758;1020;323;2004;2350;...;4384;2525;2198;1061;357;659;...;...;...;776;4390;15456;1677;1368;5577;2099;688
"2010";"September";"Switzerland";1677924;803808;...;233579;58862;40927;22063;75843;2846;28940;18135;3571;5254;8231;4268;3602;21012;3969;3115;3333;6698;1323;518;4909;3575;630;1501;244;226;566;92223;13539;...;7954;1955;3307;2177;...;1202;1415;2691;3050;...;7097;14493;33026;4812;...;...;14463;...;33938;12073;4513;4615;9566;2417;697;2210;4069;...;4858;3704;2621;722;410;568;...;...;...;934;2655;12847;1135;1130;4433;1944;913
"2010";"October";"Switzerland";1317370;686656;...;161235;53233;39089;14483;47113;2337;17279;10442;2394;4226;6231;3307;3086;16099;3589;2962;2473;4389;1155;334;3230;2693;395;989;265;173;493;51564;8827;...;7382;1500;2802;2073;...;944;1289;1576;3920;...;4300;12966;16020;4538;...;...;8523;...;33832;6567;4710;1272;8639;2273;693;1298;4442;...;3843;7523;1724;597;307;305;...;...;...;1011;2222;10475;778;1071;2741;1502;971
"2010";"November";"Switzerland";927559;457124;...;113921;47258;33360;12367;38290;2196;12870;9684;1849;3237;5129;2320;2227;12178;2967;2753;4384;3696;894;291;3167;1867;291;1203;146;286;280;33614;5133;...;4219;720;2021;1370;...;931;1355;1301;2922;...;3390;5832;8990;2905;...;...;4053;...;20225;6365;2871;840;5285;2448;436;639;4733;...;2108;2936;1722;724;279;345;...;...;...;708;2166;10663;852;687;2575;2034;927
"2010";"December";"Switzerland";1054278;522473;...;134938;51386;47599;9816;48795;1913;21019;12775;3820;2916;4442;1803;2007;13052;3147;5357;2325;4094;823;306;3330;1486;735;1052;292;283;227;32630;4462;...;4150;456;1986;1606;...;914;1211;2341;2628;...;3576;4601;7447;2565;...;...;6725;...;15360;4897;2946;2509;4223;2773;313;697;10428;...;1731;4131;1619;296;233;374;...;...;...;697;2016;13196;636;585;2259;2035;815
"2011";"January";"Switzerland";1131932;576182;...;154899;48596;40215;11180;52708;2629;19741;18445;3479;3626;6798;3159;2577;12445;2954;4190;3351;4033;853;420;3738;1714;560;970;241;303;340;33815;5526;942;7005;976;...;1361;1059;824;1154;2192;2029;314;3759;3275;6370;3147;741;208;7609;...;10507;...;2045;1029;6462;754;262;964;2381;152;1415;2264;1710;409;337;334;1692;1791;...;913;2176;23804;784;748;2444;3042;861
"2011";"February";"Switzerland";1130048;557094;...;144070;60648;34188;11321;63996;2795;33730;16314;6068;5886;9796;4400;3576;12124;3198;2800;3629;4137;881;579;4617;2132;472;1092;428;206;253;31351;5696;855;3365;937;...;1120;890;561;1358;1404;2372;517;3688;3294;8080;2551;573;624;3136;...;18088;...;3180;656;5049;1105;266;901;3484;252;1263;1941;1430;526;421;468;1946;1830;...;791;2259;13902;932;900;2880;1800;976
"2011";"March";"Switzerland";1270562;601596;...;188298;59066;45219;15018;58315;2680;25277;25456;2950;5218;11610;4890;3998;14449;3954;3924;3334;4569;1006;373;5508;2333;593;1239;377;299;382;43112;7673;1163;5662;990;...;1427;1003;774;1558;1821;2739;235;5213;6657;9737;3194;1204;522;4109;...;17780;...;3034;2197;5327;1909;404;660;3317;192;2726;5221;1745;584;662;497;1705;2172;...;937;2478;16950;1078;878;4180;2248;957
"2011";"April";"Switzerland";1140524;537947;...;147741;50242;35851;14131;50759;1979;16746;15408;2829;3899;6667;2897;3067;17544;3877;3191;2506;3982;862;259;3686;2272;431;1204;190;242;355;41351;7164;1633;6631;1139;...;1643;1017;820;1118;1706;2705;294;4223;15456;9735;3485;721;640;6621;...;30962;...;4540;2335;9227;2707;940;868;3867;101;3475;13634;1474;252;487;337;2785;2166;...;852;1922;11465;915;841;2878;1708;920
"2011";"May";"Switzerland";1269555;546071;...;161937;50989;34499;17015;54275;2438;22953;11913;2766;4249;6652;3092;3287;17003;3523;2599;3272;4296;1133;709;4104;3422;465;1463;198;225;705;66718;9842;1561;8540;1781;...;1858;1466;907;1320;1753;3522;222;4384;47747;17674;5901;899;602;11028;...;35981;...;4334;2682;13709;2629;869;1429;4486;220;6381;8310;1945;318;384;432;2971;2765;...;809;2225;14678;1169;1095;3543;2116;1097
"2011";"June";"Switzerland";1634396;722657;...;212956;60228;41572;20965;68252;2552;32796;18875;3756;5248;6840;4296;3745;21415;4573;3836;2964;4998;1207;441;4723;4117;761;1310;271;194;660;90853;11294;2131;7640;1809;...;2351;1902;1104;1382;2692;3455;567;6391;41501;42269;5023;1227;1717;13590;...;47619;...;5715;3470;11562;2942;584;2107;9045;440;8550;4191;1986;1463;629;947;5612;5238;...;840;2682;13840;1208;1504;4074;2111;931
"2011";"July";"Switzerland";1928381;844268;...;219565;72559;45119;22094;74287;2517;68379;35875;3564;9483;9333;7203;4842;28936;4252;3644;2861;5122;1261;370;4998;4766;583;1598;272;378;674;97037;12919;3121;9288;1564;...;2070;1763;1745;1603;2671;3038;1375;8137;25371;71194;6807;3475;5485;14595;...;61991;...;6332;2309;16743;2041;545;2244;3489;1291;8774;4318;3108;703;822;871;17576;12568;...;683;3235;15852;1312;860;5384;2466;803
"2011";"August";"Switzerland";1805928;822020;...;237168;77101;61042;22184;70364;2500;48249;26325;4770;5238;5765;3039;2648;37371;4874;4368;2889;6556;1253;319;4484;4294;354;1290;489;513;463;67742;10391;1942;6164;1250;...;2704;1473;770;876;1630;2513;330;10387;19403;47588;4782;812;910;10853;...;71703;...;6590;3713;15508;1870;585;1754;2739;146;6687;2792;1977;492;597;752;1883;4362;...;797;3786;15898;1246;1419;5289;2211;682
"2011";"September";"Switzerland";1657947;824172;...;209214;54755;36821;20222;65709;2762;25672;16573;3289;5040;7666;3890;3396;22272;4352;3302;2854;4551;1206;421;4157;2950;858;1462;344;242;601;82324;12088;2002;8714;1656;...;2012;2416;1013;1410;2292;3242;392;6674;15737;30704;4536;1478;2793;15914;...;50782;...;4689;4822;10142;2355;567;1710;4109;316;7263;3264;2382;1311;388;453;5642;5105;...;788;2919;13753;1039;990;4269;1897;842
"2011";"October";"Switzerland";1290601;674454;...;143823;49537;37146;13832;42093;1974;15030;9157;2021;3806;5812;3020;2720;16641;3918;2780;2532;3802;1038;506;3251;2402;223;908;212;231;446;50546;7204;1165;7410;1283;...;2074;1368;982;1361;1558;3706;277;4713;11664;17057;4881;831;590;8543;...;51784;...;4374;2067;9899;2351;1037;1111;3913;219;6133;6304;1880;508;310;311;2168;3343;...;848;2473;11556;955;728;2981;1805;1015
"2011";"November";"Switzerland";928773;466259;...;104818;45784;32265;12585;36363;2065;11478;8322;1794;2969;5041;2206;2349;13196;3255;2722;3609;3290;861;340;2858;1906;376;989;155;192;293;31730;4989;1158;4008;752;...;1447;837;884;1432;1373;2785;256;3257;5697;8311;3401;993;717;3527;...;30429;...;2697;1795;6650;2192;832;687;4222;199;2040;1774;1432;296;340;357;2402;2931;...;785;2330;11609;873;535;2610;1909;953
"2011";"December";"Switzerland";1040340;521962;...;114191;51427;45245;9606;44996;1914;17541;12577;3277;2949;4223;1883;2137;15707;3554;3741;2392;3369;837;283;3024;1438;256;924;218;317;300;32382;4723;1222;4653;497;...;1451;1120;1039;1359;2365;2613;265;3930;4822;7204;2979;922;560;6914;...;25098;...;3080;3616;5455;2702;608;932;10258;287;2060;2906;1516;323;349;313;1290;2996;...;674;2038;15861;812;607;2271;1992;988
"2012";"January";"Switzerland";1106942;572815;...;126907;46502;34740;10616;48177;2278;18722;15109;2829;3385;5665;2415;2124;12174;3173;2982;3975;3550;654;286;3214;1960;593;934;182;303;315;31570;4626;1075;7637;838;...;1452;947;807;1428;2168;2548;306;4228;3551;7941;3140;866;503;7525;...;29988;...;3529;1232;7691;1895;328;969;2783;344;2721;2373;1571;405;405;405;1905;2837;...;927;1902;25228;693;632;2465;2966;1013
"2012";"February";"Switzerland";1137584;591125;...;136227;60382;31487;11001;56747;2694;29711;20917;5013;4945;8296;4637;3280;11690;3501;2316;3127;3474;804;304;3332;2011;326;900;147;350;397;31311;5059;954;5611;924;...;1136;938;878;1528;1230;2663;325;3946;3821;7457;2323;931;757;3568;...;14689;...;1854;953;6688;788;382;612;3421;352;1486;1802;1409;425;307;395;1345;2648;...;744;2062;13354;941;683;2747;2121;875
"2012";"March";"Switzerland";1295250;642164;...;164382;60144;41776;14428;59293;2852;21116;19086;3219;4575;10896;4870;3583;15705;4099;2544;3554;4105;1080;396;4757;2379;430;1178;289;354;292;45528;7726;1343;5030;941;...;1573;1180;880;1640;1946;3440;601;4868;6863;11401;3547;970;533;4622;...;24458;...;4040;2309;7767;2623;432;910;5111;524;1975;4357;1946;665;541;532;2804;3624;...;892;2546;19110;1174;842;4336;2496;1058
"2012";"April";"Switzerland";1075927;490584;...;129132;48147;35018;13477;45663;1968;15575;12921;2432;3640;5828;2851;3084;16928;3591;1995;2510;3656;1003;318;3681;1967;356;1014;171;258;435;41848;7406;1563;6443;1155;...;1456;1149;824;1752;1602;2803;376;3894;15579;10340;3445;713;620;8418;...;36357;...;4121;2918;10566;2735;1268;1027;5947;442;2900;13533;1852;240;384;355;2470;4354;...;762;2003;14021;1225;771;3008;1982;1097
"2012";"May";"Switzerland";1312011;571676;...;154193;51884;35592;16299;51698;2324;20900;11306;2593;3956;6234;2951;3074;16940;4135;2632;2968;4898;981;404;4121;2899;512;1311;284;219;614;64356;10300;1597;8744;1601;...;2183;1487;853;1773;1972;3315;304;3976;55905;20572;4381;901;896;11561;...;51540;...;5024;3572;12197;2923;1316;1432;5675;486;5169;8183;1787;769;468;631;4084;3585;...;982;2314;16685;998;954;3537;2224;1201
"2012";"June";"Switzerland";1591550;707020;...;177036;53692;40604;19753;64430;2572;28499;16212;3065;4710;6851;3765;3671;20464;4320;3167;3337;5445;1029;517;4096;3079;393;1470;200;250;622;90646;10945;2169;8299;1949;...;2439;2051;1132;2054;2433;3437;517;5326;46891;46105;5435;1875;2708;15008;...;53688;...;7502;3574;11839;2933;884;2466;9144;996;7016;4775;2393;1187;538;787;13002;7992;...;1107;2608;15591;1111;1015;4436;2210;1068
"2012";"July";"Switzerland";1852027;808058;...;196921;65758;45798;20915;71598;2538;55857;32177;3655;8650;8579;7392;4119;25793;3989;3149;2845;5903;1436;462;4942;4367;626;1317;236;348;799;93852;12917;3246;9591;1818;...;2588;1775;1271;1734;2332;3164;895;9371;25803;77378;6160;3200;3532;14514;...;80084;...;6895;2446;16461;1857;480;2688;4913;1115;8639;2944;2940;968;629;1013;13215;8727;...;848;3073;17906;1246;844;5384;2499;845
"2012";"August";"Switzerland";1877102;851099;...;221607;75672;62165;22881;68030;2502;42117;26325;4794;4656;5728;3006;2675;33419;4213;3629;2979;4981;1436;593;4664;4232;573;1293;324;596;469;78121;10713;1909;6144;1503;...;2108;1603;1049;1350;1840;3912;1657;14999;20774;51699;5828;3506;3710;11011;...;88795;...;7848;7640;13962;1754;518;1903;4415;779;7028;3719;2710;937;540;611;9486;10235;...;850;3996;18172;1186;1449;5227;2420;828
"2012";"September";"Switzerland";1665479;818115;...;200523;55625;38132;19853;65209;2812;24128;15682;3144;4807;7892;3995;3058;20616;4249;2387;2794;7347;1112;706;4868;3333;597;1442;340;264;689;86549;13764;1993;8954;1808;...;2099;1503;1214;1756;1908;3613;954;6893;15203;29716;4901;1728;2479;16423;...;62130;...;6083;2176;9259;2434;673;2017;6437;742;6276;3797;2522;405;445;465;7185;5908;...;809;2862;15759;1287;1039;4306;2242;1044
"2012";"October";"Switzerland";1325771;660828;...;139399;49921;35431;15041;44882;2388;15819;10761;2305;3903;5895;3845;3083;16185;4051;2410;3685;4268;1002;317;3904;2682;370;1081;205;319;412;54425;8769;1569;7951;1605;...;1907;1537;1058;1734;1894;3606;507;4753;12278;18265;4730;1280;1112;9613;...;69376;...;5477;2291;12596;2433;842;1088;5052;548;6414;7825;2043;375;369;374;5553;3445;...;975;2440;15021;915;885;2987;2230;1232
"2012";"November";"Switzerland";957194;474395;...;105076;48120;36311;12603;36520;2095;11069;8938;1755;2704;4762;1933;2156;14803;3714;2158;3005;3747;917;336;3205;2447;380;1082;228;196;380;32786;4544;1250;4465;673;...;1369;1226;898;1828;1041;3231;469;2978;6079;8351;2707;366;363;3651;...;34119;...;3801;1741;7781;2922;538;665;4951;604;1926;2718;1640;345;318;326;2630;3265;...;778;2306;12925;912;771;2589;2084;1229
"2012";"December";"Switzerland";1100930;543851;...;120095;53497;45886;10501;47043;2041;19041;14334;3071;2884;4979;1978;2446;14827;3730;4057;2907;4225;824;301;3276;1863;320;798;269;334;236;36050;4581;1211;5298;498;...;1706;1195;987;1599;2662;2719;370;3242;5116;6766;2657;902;566;7869;...;30102;...;3509;4843;5965;3981;511;1006;12716;504;1703;4081;1781;782;394;378;1793;3378;...;1040;1967;17716;861;639;2269;2237;1166
"2013";"January";"Switzerland";1074128;558210;...;119178;46269;33823;10438;48099;2291;15691;14871;3122;3321;5696;3105;1925;11830;3865;2473;3845;3968;827;191;3684;2067;923;821;239;315;301;34530;5058;1097;7801;1090;...;1657;1062;807;1446;2281;2592;374;3761;3475;6594;2712;750;524;9027;...;19931;...;1981;1408;8606;1117;449;962;2376;419;1238;2108;1845;630;367;428;2460;2686;...;869;2302;25772;800;636;2317;3342;1053
"2013";"February";"Switzerland";1156788;591304;...;136393;51181;31983;11739;56512;2459;27641;20785;4797;4582;8452;4760;3135;12008;4498;1998;3744;3809;907;306;3844;1970;762;1023;340;313;434;32025;4921;968;5395;896;...;1228;936;829;1321;1076;2132;246;4205;3783;7611;2470;967;751;3504;...;35989;...;3436;1645;5483;1704;246;636;3980;371;2365;2470;1597;435;375;430;1606;2230;...;772;2093;14477;876;704;2658;2203;1064
"2013";"March";"Switzerland";1360117;681087;...;169909;65969;41973;14483;60726;2896;20966;19926;3846;4952;10213;4700;3688;16851;4915;2383;3390;4531;982;261;5333;2687;555;1953;204;501;349;44442;7838;1547;5493;1208;...;1878;1470;1053;1618;2171;3208;400;5229;7170;9983;2878;465;560;4110;...;29391;...;4224;2899;7507;2063;724;779;4720;712;2840;6173;1696;708;605;504;3141;4033;...;1112;2489;20580;1292;985;4216;2556;1218
"2013";"April";"Switzerland";1095938;488064;...;118357;47526;38501;13878;49766;2288;17008;12261;1994;3758;6088;2799;2818;14039;4161;2379;3715;3878;1020;392;4519;2344;271;1353;229;393;416;45395;7057;1644;6617;1286;...;1774;1369;950;1699;1592;3029;395;3794;13393;11761;3999;755;600;7371;...;47581;...;4546;2766;10972;3707;861;955;5945;522;4709;14362;2148;522;372;379;3451;4333;...;803;2429;17253;1264;722;2854;2195;1592
"2013";"May";"Switzerland";1332337;563797;...;153847;52776;34856;16026;55896;2393;20055;11825;2945;3826;5819;2832;2946;16546;4979;2643;3747;4293;1121;331;4867;3402;525;1249;253;434;1015;66476;9814;1548;9634;1852;...;1987;1848;1135;1761;1909;3262;946;4257;48473;18425;4437;799;1252;12418;...;61077;...;5468;5328;12555;4525;1029;1597;8369;545;5820;9997;2165;941;409;540;6044;4121;...;1083;2420;20826;1249;842;3747;2599;1564
"2013";"June";"Switzerland";1659017;713002;...;175096;57609;41138;19020;71183;2686;28772;18421;2841;5425;6838;4275;3605;18921;4911;2801;4236;5212;1104;727;4967;3714;457;1358;330;887;802;98876;11543;2571;7874;2158;...;2963;2298;1215;2329;2224;4132;1037;5845;48990;46710;5187;1336;2671;16014;...;71566;...;8695;3849;12344;3170;811;2322;12032;1138;8735;4929;2640;1913;389;649;17369;9777;...;949;2476;16023;1391;1256;4112;2928;1243
"2013";"July";"Switzerland";1980855;868448;...;205255;69193;47667;22301;78903;2812;52257;34433;3754;9612;9552;8008;3479;26163;4404;2993;3765;4735;1496;395;4963;4615;1068;1594;573;608;656;104451;12526;3867;9143;2136;...;2715;2114;786;1335;2134;3105;492;10183;28498;80361;5405;944;1156;18259;...;112252;...;8178;2665;17071;2447;527;2788;5633;579;9708;4966;2630;1257;503;762;5330;4824;...;1097;3210;18963;1554;1100;5752;2605;1142
"2013";"August";"Switzerland";2026650;896234;...;229724;80329;63505;23176;75841;2763;42891;28023;4864;5685;6104;3555;2306;30048;5118;4202;3952;5072;1465;661;4866;4796;618;1674;518;532;551;79942;12586;1935;6683;1518;...;2417;1792;1439;1705;1696;2991;1612;10515;22893;50046;5443;7478;11274;13254;...;115086;...;8294;9747;14046;2484;943;2006;6442;1570;7802;4341;3100;1163;546;818;24104;19853;...;1014;3590;20144;1378;1592;6492;2758;1045
"2013";"September";"Switzerland";1697003;815696;...;192889;57253;39645;19905;67269;2864;24514;17468;3595;5817;7589;3813;2876;19917;4666;2366;3294;4739;1201;459;5012;3903;253;1322;407;411;856;90363;13639;1907;9619;1923;...;2341;2404;1143;1909;2169;3221;745;7181;14613;28128;5667;2048;3343;19707;...;75913;...;6054;2351;12849;3589;735;1979;7023;852;7819;7053;2505;882;453;540;7000;7721;...;896;2607;16249;1276;1071;4244;2222;1051
"2013";"October";"Switzerland";1319917;639407;...;133786;55004;37209;13427;43900;2318;15441;10898;2288;4384;5682;2878;3002;15116;4379;2787;4521;3975;1017;584;4212;3277;478;1111;237;328;546;56322;8198;1528;8161;1826;...;2084;1810;1127;1844;1369;3484;616;4533;11079;13933;4742;1805;2341;10265;...;68167;...;7165;2680;14476;3274;868;1298;8516;652;6319;11134;2372;1294;324;353;7357;6370;...;1132;2531;14725;1119;1042;3678;2591;1221
"2013";"November";"Switzerland";994376;498570;...;100038;52008;37778;12343;38644;1870;11098;8258;1868;3086;4713;2131;2078;12948;4073;2636;2700;4560;895;367;3863;2377;602;1028;207;343;324;34937;4927;955;4272;886;...;1455;1109;873;1611;906;2988;370;3606;5757;6802;2991;894;685;4081;...;36692;...;3285;1924;8456;3008;575;724;8435;233;2135;3680;2125;770;314;445;2341;2793;...;982;2557;13124;1059;852;2984;2177;1195
"2013";"December";"Switzerland";1134051;549926;...;119791;57171;45761;10474;51636;2213;20289;15315;3463;3118;4618;2010;1941;13647;3913;4778;2886;3522;839;187;4092;2465;356;933;301;525;256;38276;5182;1330;5837;569;...;1626;1142;966;1520;2764;2537;379;3598;4836;6327;2841;978;545;9945;...;31300;...;3507;4892;8819;4325;566;1111;13973;142;1943;6128;1977;1147;374;423;3168;3961;...;994;2176;17467;964;853;2920;2211;1086
"2014";"January";"Switzerland";1121140;577525;...;119665;48572;36332;11506;49459;2407;15174;13821;3136;3447;6168;3185;2060;11059;3687;2786;3784;3209;805;273;4189;2045;1528;885;265;311;378;34719;5354;1243;8087;1030;...;1591;1119;983;1417;2178;2143;332;4002;3467;6229;2953;917;694;10092;...;28241;...;2407;1464;13450;1252;298;1077;4128;367;2195;2192;2249;526;476;429;2352;3064;...;777;2101;26911;1082;753;2533;3685;920
"2014";"February";"Switzerland";1152643;581615;...;127831;59634;34424;11509;59828;2798;25097;16730;5198;4871;9284;4665;2885;11421;3979;2476;3647;3456;745;248;4098;1740;439;1017;201;305;462;33263;5047;731;4556;885;...;1037;962;808;1438;1227;2108;323;4380;3840;6646;2322;850;1071;3607;...;38542;...;3326;903;8686;1803;291;719;3962;375;2206;2506;1511;565;464;435;1831;3344;...;737;2364;14362;1033;752;3148;2103;971
"2014";"March";"Switzerland";1370059;679516;...;162255;64475;45317;14249;59532;2595;21902;22541;3133;4405;11347;4984;3235;13884;5054;2945;3459;4129;1145;311;5820;2466;458;1367;410;344;421;44986;7805;1252;6335;950;...;1365;1321;1041;1856;1688;3506;427;5114;6818;10392;3565;912;821;3851;...;41951;...;3708;2506;9883;2366;584;762;5289;469;3149;7949;2299;931;534;564;4028;4616;...;988;2609;19039;1555;911;4303;2233;1129
"2014";"April";"Switzerland";1144054;508843;...;123077;50457;38323;13818;50482;2142;16165;15167;2706;3452;6300;2908;2620;15507;4716;2286;3338;3236;923;441;4233;2511;469;1100;279;306;363;42033;6872;2120;7992;1543;...;1657;1624;756;1404;1498;2610;431;4525;17881;8266;3692;1012;840;7172;...;60829;...;5276;2454;13796;4371;1484;1074;5150;714;3736;17350;1793;512;383;522;4204;6024;...;726;2165;13533;1097;809;2879;1890;1187
"2014";"May";"Switzerland";1382152;605011;...;142706;55620;37997;16381;53773;2326;20676;12456;2758;3534;5936;2781;2573;16224;4767;2259;4147;4594;1121;620;4625;2944;370;1412;229;323;639;69271;10490;1728;9048;2129;...;1932;1660;958;1724;1680;3426;757;4754;48571;16140;4283;1277;1373;12115;...;75841;...;6566;3135;16825;4714;1630;1628;7632;541;7511;9681;1994;1453;431;558;5850;5703;...;848;2790;15373;1287;923;3973;2036;1111
"2014";"June";"Switzerland";1654531;719538;...;175382;58751;40691;19321;71333;2940;27176;18563;3480;4192;7034;4037;3393;19275;5031;2411;4111;4857;1202;376;5644;3525;997;1321;345;399;650;102392;11400;2221;7780;1883;...;2426;1991;1200;1693;2095;3898;598;5693;41372;38329;5665;1837;2470;15669;...;77630;...;8831;3233;16716;3814;766;2434;9842;1027;12293;6392;2826;924;481;622;12522;8112;...;888;3045;15535;1549;1146;4031;2168;1117
"2014";"July";"Switzerland";1922374;822991;...;185984;68117;46094;20704;79430;3030;50576;33022;3492;8092;10058;7455;3986;23990;4512;2639;4036;4946;1134;420;5908;4744;1381;1698;264;440;616;109632;12666;3972;8207;1982;...;2538;2461;959;873;2178;2910;619;8403;28744;65731;6787;1511;2278;17537;...;124322;...;8550;6432;23211;2970;641;2881;6262;579;10652;5386;2333;892;594;668;5033;7693;...;829;3573;17645;1681;1025;5572;2435;768
"2014";"August";"Switzerland";2055843;881499;...;229368;79960;57306;21500;78149;2690;45978;27376;5025;5217;6287;3447;2923;32795;4879;3428;3532;5823;1199;448;6521;4373;619;1357;419;648;485;86705;11953;2139;7575;1722;...;2253;2008;1769;1608;1550;3086;1790;10516;21425;43129;6744;9521;13365;14239;...;126749;...;8145;3293;24769;1758;507;2346;4465;2347;9109;3329;4186;819;618;687;36544;33977;...;822;3932;18516;1831;1403;5924;2598;821
"2014";"September";"Switzerland";1724182;842443;...;183203;56519;41105;19684;69860;2934;24630;16157;3464;4451;7187;3775;3098;19259;4493;2451;3422;4833;1282;436;5633;3610;386;1363;326;442;605;94489;13839;2462;10582;2177;...;2262;1911;1218;1585;1909;3360;598;7364;15148;25351;5527;2894;2674;18267;...;76803;...;6083;2160;18246;3935;917;2727;6345;647;9072;5730;2651;744;484;471;10944;8100;...;1029;2586;14145;1435;915;4071;2079;1195
"2014";"October";"Switzerland";1432266;706891;...;140231;53274;36354;13801;47542;2513;15756;10021;2571;4033;6270;2726;2726;15308;4510;2721;4401;4491;1170;393;4320;2483;434;1200;191;340;717;59074;8461;1889;9822;1769;...;2456;1786;1216;1361;1453;3553;542;5967;16706;16756;5282;2209;2360;10222;...;85568;...;5479;3130;19811;2970;1052;2042;7347;730;7511;10121;2295;635;387;436;10195;6942;...;995;2698;13342;1142;939;3114;1983;1130
"2014";"November";"Switzerland";1007792;499669;...;100183;46762;35904;12402;37934;2173;11679;8182;1851;2986;4552;2227;2331;13728;4179;2887;3329;3987;923;351;3961;2124;261;1266;310;575;312;36657;5183;1207;5566;901;...;1549;1269;971;1316;1007;3214;246;3763;7080;6951;3208;2085;622;4069;...;47558;...;3704;2538;9259;2918;697;672;5857;489;2448;4991;1706;564;610;487;3476;3551;...;816;2494;11912;1097;778;2560;1761;957
"2014";"December";"Switzerland";1195017;578252;...;121948;56447;54637;10996;54273;2172;18941;15360;3727;2912;5147;1979;2349;14982;4297;5389;3195;3741;907;508;3837;1804;753;1036;394;698;288;38293;4798;1591;7761;632;...;1598;1232;971;1434;2752;2544;264;4566;6030;6531;3077;1062;643;10337;...;39679;...;5091;6756;10286;4861;674;1169;12672;406;2400;8283;1931;673;498;410;2138;4907;...;805;2167;14577;899;767;3006;1868;1009
"2015";"January";"Switzerland";1145048;596673;...;118039;48135;37190;10600;48368;2432;14728;14434;3123;3056;6564;2761;2010;11359;3709;2964;4856;3911;819;332;4076;1598;719;991;219;397;389;35284;5413;1406;11474;1034;...;1397;1283;942;1267;2288;2275;227;4466;4400;5214;3295;1126;1025;10028;...;31122;...;1852;2330;16907;1233;334;1161;4184;426;2299;3529;1953;363;410;385;3214;3498;...;815;2494;19974;999;638;2538;3128;966
"2015";"February";"Switzerland";1234214;626565;...;123838;58592;32381;11197;61955;2900;27311;21141;4822;4705;8742;4717;2807;11303;4636;2640;3966;3949;902;308;4291;1766;351;1084;187;483;493;32632;5186;1052;7331;964;...;1192;1094;893;1382;1148;2546;188;4368;4655;6881;3249;938;864;3619;...;65722;...;4303;1351;12205;1704;384;615;4145;337;4082;2675;1454;705;461;511;2079;3452;...;797;2413;9554;1153;620;2616;1713;949
"2015";"March";"Switzerland";1314357;646100;...;145400;56419;40864;14668;59243;2953;18342;15766;2820;4311;9710;4960;3185;14528;4956;3236;3981;4297;939;529;5093;2205;660;1171;240;358;414;49015;7101;1576;5622;1323;...;1491;1316;854;1612;1720;3545;238;5140;8523;8219;4152;1135;850;4313;...;54270;...;4597;2976;13759;2009;799;764;5096;567;4595;10109;2145;769;550;584;5062;5853;...;902;2825;11674;1517;820;4016;1960;1046
"2015";"April";"Switzerland";1157488;530325;...;109772;45387;35069;12860;45801;2161;13359;13651;2415;2945;5520;2183;2983;13481;4021;2219;3767;3716;947;292;3815;2151;409;896;236;254;353;47828;7569;1723;7554;1264;...;1649;1380;905;1168;1617;2752;315;4485;17707;7755;4000;1515;1251;7552;...;78158;...;6934;3855;17584;3339;1377;1129;4715;532;4690;21542;1649;390;429;400;5147;6186;...;859;2341;7829;1188;836;2675;1718;1009
"2015";"May";"Switzerland";1424371;610318;...;129677;50075;37135;15493;53424;2329;19337;10627;2300;3281;4766;2294;2805;15244;4663;2340;4626;4909;1133;410;4684;2692;233;1767;282;285;725;73736;10405;2052;9746;2017;...;2009;2169;1032;1535;1913;4142;268;5366;65179;17517;5529;1521;1965;13215;...;104667;...;8213;4822;21067;3045;1882;1635;5941;877;9647;11882;2098;473;410;510;8628;6180;...;801;3084;10972;1141;1022;2877;2257;1070
"2015";"June";"Switzerland";1685080;728111;...;153864;55590;37304;18219;73545;3126;22404;16134;2815;3976;6375;3916;3638;18457;4889;2501;3796;5066;1209;478;5525;3340;383;1313;294;446;798;107790;11868;2354;9286;2469;...;2551;2761;955;1208;2076;3927;438;7443;57453;31923;6299;1228;1643;17370;...;117336;...;10544;3749;21698;3862;1130;2389;8556;753;16500;6941;2345;660;621;549;7780;6368;...;874;3132;10747;1386;1087;4267;2080;1172
"2015";"July";"Switzerland";2060458;879095;...;166022;64920;42376;19210;81718;2738;42804;29846;3051;7170;8440;6403;3610;24489;4413;2593;4013;4973;1249;417;6313;4299;487;1407;399;774;645;117640;13022;4014;9494;2143;...;2533;2402;1492;1065;2688;3359;4455;11318;33286;59124;8736;5810;6360;19413;...;173752;...;12102;10919;30485;2526;936;2608;5810;1708;14607;4972;2765;562;485;620;25334;20176;...;748;3625;12522;1698;1131;5171;2241;727
"2015";"August";"Switzerland";2083388;899042;...;192991;74109;56658;21428;76511;2842;32374;23307;3949;4374;5887;3342;2415;30743;5353;2746;3615;5665;1316;553;6264;3939;515;1588;467;420;520;95398;12213;2456;7192;1854;...;2361;2301;1506;1638;1803;3276;2058;11507;26946;39234;8206;10872;13236;15924;...;179853;...;11223;1745;29487;1723;814;1847;5020;3227;11712;4170;3735;607;491;419;38431;36935;...;753;4447;12152;1507;1283;5785;2330;778
"2015";"September";"Switzerland";1740292;822798;...;156953;54062;38273;19295;70528;2971;21312;15111;2797;4351;6747;3368;3034;20350;4391;2510;4125;5595;1154;677;5815;3283;339;1383;525;472;1110;102604;13827;2241;9185;2193;...;2168;2103;1441;1533;2038;3711;673;6666;19155;25784;6532;3065;3634;19034;...;115133;...;9405;2253;20822;3814;1172;2876;7021;1297;11986;5924;3091;424;582;559;18821;10612;...;858;3064;9486;1386;1211;4490;2047;1042
"2015";"October";"Switzerland";1420562;699833;...;119373;50619;35655;14382;46150;2736;13839;9116;2035;3179;5890;2486;2736;14926;3970;2585;3334;4811;1105;465;4509;2409;632;1128;295;314;549;61977;8273;1714;7766;1939;...;2134;2009;979;1617;1622;3876;265;4963;15748;13528;5878;1491;1615;10053;...;114665;...;7805;2714;24031;3557;1208;1518;5905;862;9908;13128;2373;649;552;436;7061;6923;...;928;2882;9033;1176;754;2984;2004;998
"2015";"November";"Switzerland";1014350;502370;...;97315;43367;34171;12883;41179;2502;10963;8210;1916;2795;4664;2002;2242;13189;4169;2874;3921;3740;865;317;4295;2023;317;1079;284;290;366;38164;4914;1304;5431;1145;...;1516;1167;1088;1525;1247;3313;244;3579;7177;6167;4168;1112;867;4269;...;51258;...;4487;2044;12973;4302;897;788;5728;597;3614;4561;1859;403;427;395;3374;4717;...;832;2537;8764;1092;769;2606;1663;958
"2015";"December";"Switzerland";1149813;583558;...;103007;53787;51089;9984;51503;2055;15116;12822;3372;2377;4306;1721;2061;14454;4282;4526;3385;5083;842;252;3539;1669;389;915;453;411;313;40435;4653;1441;5891;727;...;1516;1039;948;1400;2521;2560;346;4015;6198;4852;2912;1522;1040;10120;...;36916;...;5357;4530;9858;5032;1041;1119;11351;439;3265;7700;2136;363;410;424;2388;5783;...;757;2303;10336;878;662;2272;2124;962
"2016";"January";"Switzerland";1109761;589645;...;106676;44902;34622;10596;48305;2433;13204;13971;2647;3080;5373;2194;2295;11325;3655;3413;4859;3933;736;260;4129;1609;274;955;252;444;373;40697;5323;1406;8398;1308;...;1554;1241;983;1171;1958;2330;243;3737;4547;4695;2800;1409;916;10052;...;29076;...;2855;1860;14665;1389;523;1227;3953;405;2189;3375;1971;755;480;383;3334;4690;...;857;2242;14699;854;819;2395;2954;883
"2016";"February";"Switzerland";1243588;645379;...;121205;62174;33596;11608;64031;2996;24497;18506;4249;4423;7670;4354;2763;12138;4502;2891;4344;4546;929;470;4535;1897;430;1173;394;349;441;36928;5596;905;5918;1334;...;1271;1173;879;1444;1063;2645;282;4392;5198;5708;2527;1255;852;4056;...;48966;...;4833;1188;12548;1812;747;724;3353;400;4815;4631;1986;672;437;573;2194;4483;...;799;2403;8825;1074;719;2823;1709;958
"2016";"March";"Switzerland";1370582;692486;...;141996;57010;43481;14449;64156;2920;18889;18264;3416;4270;9343;4004;3516;16856;5246;3240;4012;4878;1175;521;5397;2374;362;1230;446;355;437;49325;7089;1897;4790;1455;...;1795;1361;905;1484;1899;3239;252;5503;10501;7625;3549;1614;915;4584;...;50115;...;5920;2886;12618;2273;1064;960;5021;744;4029;9383;2622;744;625;580;4725;7860;...;807;3001;10546;1536;896;4127;1888;1101
"2016";"April";"Switzerland";1173979;544867;...;107486;48219;35877;13805;47932;2376;16323;11030;2126;3293;5522;2608;2661;12284;4294;2828;3871;4166;1121;317;4988;2604;380;1307;282;266;465;52179;6929;1322;6535;1651;...;1716;1167;1003;1387;1196;2872;287;5001;18127;7548;4677;2001;945;7417;...;66183;...;5123;3915;17624;2856;1247;1143;4526;515;5369;22330;2214;453;351;440;5680;7630;...;1131;2708;7890;1245;886;2587;1698;977
"2016";"May";"Switzerland";1435763;620571;...;133921;51629;33249;17037;58614;2996;19577;11824;2745;4201;5678;3052;2845;16608;5158;2788;5462;4462;1181;499;5311;3468;509;1287;347;793;704;75651;9667;1868;8560;2776;...;2281;1781;1237;1656;1819;3617;444;5249;61751;12632;5774;1916;1800;13056;...;85643;...;8040;4735;22569;3278;1442;1559;5709;1011;10700;15431;2246;641;416;483;11085;8751;...;1031;2838;9721;1226;847;3231;2086;993
"2016";"June";"Switzerland";1637109;707450;...;147214;54173;39584;19086;70808;3081;24373;16682;2981;4747;6616;3910;3311;17741;4947;2905;4861;6385;1259;915;6167;4483;556;1597;541;424;879;118593;11771;3116;7536;2717;...;2964;2543;738;1132;1916;3681;234;7798;50183;28747;6372;1130;738;17540;...;91373;...;11945;3368;25515;2782;1413;2068;8097;485;20137;8431;2034;612;577;649;2312;4887;...;1081;3037;9157;1943;1185;3853;1911;1132
"2016";"July";"Switzerland";2055461;901188;...;171440;67352;41141;21261;78383;2894;43819;32529;3585;9373;9902;7456;3708;25229;4999;2916;4681;5504;1512;592;6600;4680;451;1599;393;486;752;124780;12303;3746;7227;2646;...;2587;2174;1551;1469;2052;2979;1199;10165;33039;50245;8751;5916;6099;19344;...;128317;...;12696;8115;32681;2589;945;2514;4864;2585;14818;8019;3554;844;482;641;27548;25014;...;811;4072;10641;1658;1096;5601;1886;773
"2016";"August";"Switzerland";2026168;895628;...;195542;76178;58925;22097;72274;2974;39416;24298;4738;4310;5795;3156;2249;34247;5224;3479;4067;5185;1471;660;7145;4229;930;1549;451;679;531;95835;12142;2245;6500;2064;...;2085;2462;1322;1922;1597;3393;1629;13579;26046;34476;8588;9656;10629;14747;...;127503;...;10402;1579;31763;1374;799;2038;3665;2096;11164;4958;3824;592;588;594;39700;29863;...;981;3887;9484;1587;1237;5240;2173;733
"2016";"September";"Switzerland";1772685;856855;...;161627;53716;37666;19551;65415;2976;22746;16329;3456;4482;7003;3931;3000;18263;4811;2565;5397;5843;1610;653;6129;3281;476;1436;532;443;700;110760;13522;2330;8740;2554;...;2617;1837;1415;1665;1807;3271;999;8348;21742;21341;7338;4281;5643;18976;...;82130;...;9551;2467;25943;3370;1350;2246;5476;1335;17782;6563;3065;645;408;495;21472;15539;...;926;3176;9184;1624;939;4145;1715;1061
"2016";"October";"Switzerland";1437854;724183;...;124097;53314;38118;15199;43840;2586;14698;9134;2297;3717;5469;2713;2789;14789;4695;3297;3676;7029;1186;451;4641;2849;270;1095;313;588;638;64949;8838;2103;8364;2017;...;2359;1751;978;1335;1603;3557;566;6307;17348;11784;6551;1476;1833;10128;...;84797;...;7564;3663;21843;3529;1437;1617;4929;767;11324;17073;2438;442;390;507;5364;7216;...;1197;3236;8830;1266;874;3009;1840;1184
"2016";"November";"Switzerland";1020879;502295;...;98743;46619;32673;13320;37905;2514;11632;8941;2029;2983;4658;2421;2138;13766;4410;3001;4218;4981;886;325;4559;2085;277;1024;339;388;365;38322;5189;1451;5827;1078;...;1620;1406;779;1416;996;2853;189;3661;9147;6247;3756;1160;493;4191;...;47071;...;4001;3761;12448;2690;1023;884;4442;484;5327;8052;1908;404;373;553;3814;4696;...;962;2859;8613;1127;781;2610;1723;997
"2016";"December";"Switzerland";1194103;592583;...;106233;55680;48033;10291;52270;2454;15276;13194;2974;2371;4297;1792;1987;17697;5264;5020;4197;4557;964;261;3949;1924;306;983;446;556;338;46668;5165;1988;7172;861;...;1819;1457;813;1583;1977;2634;339;5346;7781;6519;3648;1144;764;10957;...;38431;...;6057;5810;11226;5436;1280;1351;10629;526;3849;9531;2080;491;537;514;3907;5764;...;964;2454;11732;862;739;2295;2201;905
"2017";"January";"Switzerland";1180328;618475;...;108841;45935;34476;10854;48203;2722;14331;13900;2795;3401;5078;2353;1842;12105;4120;3182;5026;3731;946;218;4224;1837;508;931;360;651;421;43334;5719;1438;10585;1506;...;1714;1812;758;1236;1688;2406;228;4617;5071;5532;3246;1395;853;11258;...;46221;...;4514;2684;17212;1723;552;1394;3460;336;4452;4719;1805;551;469;444;4417;4054;...;776;2367;14770;930;739;2297;2694;886
"2017";"February";"Switzerland";1249184;658002;...;116774;58212;31577;12977;58369;2909;24032;20044;4462;5349;7919;4476;2641;12001;5043;2672;3825;4634;1246;365;4220;1976;620;940;435;493;521;40388;5681;1191;7361;1373;...;1507;1019;878;1488;1118;2474;534;3952;5562;6565;2880;990;719;4837;...;44154;...;3444;1963;15104;1500;780;663;2916;356;4032;4450;2074;420;377;453;2392;5427;...;853;2480;10606;1179;932;2716;1685;977
"2017";"March";"Switzerland";1412434;713396;...;140817;56536;41528;14139;61655;3284;19927;17180;2762;4100;9470;5150;3200;14969;5415;3118;4426;4605;1102;416;6244;2907;565;1292;459;402;586;56577;7737;1419;7267;1603;...;1696;1467;918;1565;1780;3412;254;5510;10547;9321;4851;1433;756;5306;...;52327;...;4753;3830;17163;2658;708;890;4556;717;5659;11961;2879;614;625;572;5246;8211;...;918;2826;11879;1629;1097;4249;2186;1212
"2017";"April";"Switzerland";1304509;596686;...;120493;49137;37638;13681;49487;2556;16353;14683;2845;3275;5266;2464;2704;17042;5724;2511;4266;4012;1092;550;5116;2398;928;1332;365;235;572;58446;7561;1966;7490;2101;...;2130;1601;878;1271;1834;3049;343;4973;23858;8242;5605;2483;1067;7800;...;70112;...;7646;5555;26797;3922;1994;1226;4778;906;6320;29827;2148;642;412;445;6236;9119;...;1108;2496;8948;1228;1002;2920;1445;1168
"2017";"May";"Switzerland";1513693;640926;...;132078;51075;35395;16396;56518;2946;18585;11065;2470;3687;5641;2455;3170;16185;5188;2742;5229;4644;1320;458;5721;3009;359;1586;367;331;952;90783;10920;1826;10161;2923;...;2518;1856;827;1483;1728;3239;318;5392;76213;16190;6227;1951;1413;14347;...;93679;...;9065;4192;32082;3947;2294;1846;6869;1225;16644;18852;2480;503;511;745;5907;8048;...;991;3084;10723;1397;954;3786;2001;1055
"2017";"June";"Switzerland";1829684;790583;...;159740;55610;43498;18493;71939;3757;25766;16132;3281;4911;6673;3945;3736;20958;5733;2763;5498;5249;1248;746;6265;3904;552;1621;459;541;1074;133021;12808;3178;10150;2989;...;3216;2378;858;1203;2102;3930;243;8990;65221;34061;8202;1700;954;19384;...;100776;...;12086;9055;32368;3495;1575;2425;9392;785;23045;12425;2731;669;558;710;4636;8051;...;1102;3052;11169;1791;1087;4348;2060;1030
"2017";"July";"Switzerland";2145250;921825;...;172533;68516;41401;20744;75750;3434;46331;30638;3272;9904;9826;7946;3753;28354;5193;3323;5043;5213;1552;672;7414;4384;527;1567;523;653;1009;138604;14127;4204;10597;2828;...;3281;2896;1596;1773;2523;3644;1407;11695;40570;55907;10536;4293;5959;22247;...;139016;...;11397;4812;35741;2959;1428;2828;5479;2867;18648;9284;4264;663;553;730;28250;26262;...;785;3780;12866;2385;1270;5596;2543;857
"2017";"August";"Switzerland";2118775;904000;...;197504;80484;59514;22186;74160;3455;43624;26283;5012;5249;6348;3732;2566;38855;5857;3585;4963;5728;1296;834;6945;4429;446;1611;762;663;884;110861;14063;2914;8250;2621;...;2696;2014;1255;1528;1480;3086;2037;15969;31317;39011;8747;6448;11260;17144;...;132343;...;11892;1873;38192;2077;1279;2314;4231;2899;16505;6689;4217;711;549;685;35551;32711;...;1090;4427;11959;2145;1366;5592;2686;1116
"2017";"September";"Switzerland";1878212;894185;...;166059;56394;38624;22658;69619;3395;26395;14489;3338;5622;7757;3889;3228;22373;5688;2907;4925;5007;1349;650;6527;3454;823;1727;541;495;1114;121228;15859;2905;10959;2902;...;2993;2301;1299;1641;1891;3574;609;8663;27047;23954;7824;3833;3082;21035;...;91424;...;8910;3768;31957;3515;1647;2526;5921;1150;19120;10477;4039;608;534;604;16461;13868;...;893;3616;10326;2093;1147;3756;1947;1074
"2017";"October";"Switzerland";1557187;771657;...;126289;54887;36179;15991;48439;3061;16028;9174;2280;4153;5466;3243;2657;16469;4679;2698;3844;5467;1401;446;4896;3417;406;1351;369;387;818;71555;9418;2252;9308;2191;...;2819;2140;1000;1486;1347;3711;538;5565;22592;13334;6377;2234;1124;11681;...;101490;...;7174;3451;38781;3879;1515;1513;6228;881;17580;16411;2553;503;534;643;5458;8291;...;1109;3549;10007;1170;921;3506;2147;1069
"2017";"November";"Switzerland";1078363;529192;...;100073;47638;34637;13302;40736;3197;11560;8689;2028;3034;4564;2239;2249;14821;4608;2893;3828;4820;1111;221;4752;1968;401;1189;366;426;496;42209;5869;1689;5652;1215;...;1965;1525;754;1672;1057;3072;223;4379;8918;7810;4178;1887;553;5427;...;55798;...;3659;2673;15817;2776;1003;703;5250;311;4888;7168;2276;410;380;637;2855;5953;...;838;2929;8962;1213;815;2738;2265;954
"2017";"December";"Switzerland";1294442;633826;...;111776;56382;53447;10412;53318;2768;16453;13328;3849;2740;4656;1847;2219;20324;5900;5317;3961;5070;1113;283;4235;1808;495;1315;621;530;402;50790;5418;2295;9091;973;...;1876;1862;859;1647;2448;2787;267;4564;9538;7083;4715;2102;878;13373;...;47416;...;6520;8384;13860;7044;1518;1249;11332;228;5066;11186;2575;528;621;578;2203;7939;...;1028;2924;13303;949;801;2493;2703;1033
"2018";"January";"Switzerland";1242076;649656;...;114980;51649;35580;11142;49468;3142;15923;14501;2678;3404;6605;3004;2189;13272;4666;3225;4865;4496;1022;346;5451;1912;490;1139;412;668;522;45846;6025;2090;12848;2001;...;2187;1484;820;1348;1994;2226;337;4007;5474;6271;3706;2353;871;13369;...;35392;...;3164;3361;19356;1884;565;1322;3868;257;2782;5342;1996;479;480;622;3310;6906;...;825;2496;16947;1200;933;2657;3299;969
"2018";"February";"Switzerland";1312258;676023;...;125497;57310;31295;11089;61734;3291;25338;19275;4581;5038;8214;4278;2743;12318;5011;2820;3584;4836;1071;553;5091;1753;455;1175;468;458;548;40518;5730;1398;8833;1906;...;1452;1421;801;1562;981;2648;243;4625;6351;7443;3507;1835;732;5433;...;65791;...;5386;1712;14836;2513;680;749;3794;199;5371;3968;2094;684;452;602;2050;5860;...;908;2566;10691;1162;787;3000;2103;1034
"2018";"March";"Switzerland";1521193;763846;...;155939;62278;42040;15178;68322;3870;20687;19772;3203;4406;11044;4499;4164;18817;6285;2978;4445;5784;1232;530;6844;2733;536;1380;544;452;467;56714;8069;2196;6435;1670;...;2177;1987;1311;1712;1871;3189;346;6142;13706;9555;4943;2638;1227;5452;...;51836;...;5946;3967;17901;2819;1289;887;5281;604;6339;13847;3076;836;739;702;3513;10300;...;1010;3015;12724;1698;975;4531;2548;1195
"2018";"April";"Switzerland";1320522;598738;...;116065;50662;38210;14112;49334;2859;17485;12668;2764;3457;5982;2616;2557;16152;5517;2714;4241;5577;1200;417;5947;2503;690;1371;356;426;663;59397;7236;1876;8344;2245;...;1912;1876;922;1416;1656;3055;282;4972;24927;8530;6027;2580;1326;8767;...;71931;...;6503;6351;26796;4779;1711;1365;5250;660;8344;31070;2163;420;507;494;5622;9952;...;1118;3264;10510;1330;1233;3093;2294;1133
"2018";"May";"Switzerland";1562846;658691;...;145022;51850;35405;16751;55289;3466;22008;11245;3147;3981;5802;2818;2866;18469;5347;2517;4415;4856;1417;541;6958;2848;653;1265;376;335;1002;93379;10947;2700;10918;3404;...;2846;2363;627;1338;1792;3256;304;5104;87828;14395;5228;2176;784;14566;...;92491;...;9157;3950;32595;3180;2025;1723;7179;517;15998;20640;2430;626;470;608;3947;7175;...;932;3389;10870;1229;945;3831;2654;990
"2018";"June";"Switzerland";1942102;831937;...;163684;59478;40831;20441;73451;3794;27463;17681;3122;4781;7439;4072;3913;22649;5670;2697;3945;7177;1425;813;6964;3650;752;1568;451;912;1090;147258;13245;3371;9105;2686;...;3554;3089;1047;1407;2219;3991;663;8787;69766;31238;7614;3226;1789;20454;...;112578;...;12979;11069;36217;4188;1704;2551;10261;1053;28862;11590;3213;838;714;752;10674;10057;...;1232;3456;10483;1835;1087;4757;2473;1120
"2018";"July";"Switzerland";2222375;937992;...;185852;69949;39817;21576;76694;3541;48467;33153;3721;11233;11007;8606;3968;29143;4909;3389;4181;7282;1808;666;7303;4429;1007;1846;671;660;1189;154081;16197;4746;10116;2791;...;3340;2980;1588;1785;2418;3773;1264;14598;44010;50846;9689;7280;6061;23364;...;137904;...;13171;3457;40377;2798;1274;2900;5216;2523;19901;10051;4531;848;648;814;31938;27539;...;942;4050;12456;1895;1360;6993;3027;776
"2018";"August";"Switzerland";2254680;958865;...;204964;85914;60727;23121;78421;3691;46139;27853;5051;5353;6769;3508;2624;40137;5861;3805;4876;6556;1517;858;7404;5045;627;1600;695;897;925;132410;16584;2918;7905;2759;...;2998;2521;1488;1749;1646;3510;2004;16907;36465;34949;9674;10380;11440;18392;...;144541;...;11384;1767;38157;2768;1158;2846;5105;2235;18001;7494;4397;639;546;997;36826;33005;...;1376;4919;12824;2030;1317;6230;2789;827
"2018";"September";"Switzerland";1964484;941006;...;174136;58489;37412;20976;71475;3790;26079;15608;3395;5153;7643;4369;3454;23937;5406;2542;3605;6252;1446;760;6491;3579;542;1677;526;443;1227;138544;18198;3059;9574;2733;...;3142;3163;1220;1546;1785;3736;437;8874;27149;22224;7905;3056;2079;22673;...;109110;...;10291;3687;31704;4286;2158;2707;6226;1253;18817;9768;2986;561;561;647;11014;11108;...;1020;3423;9964;1398;1203;4803;2345;929
"2018";"October";"Switzerland";1573845;778532;...;125333;55112;35723;14619;45825;2987;17450;9951;2347;4212;5727;2959;2987;18297;5000;2753;3459;5619;1347;389;5070;2762;456;1280;510;293;834;81274;11721;2409;8170;1887;...;2743;2859;1034;1616;1487;3921;484;4825;23293;12993;7833;2708;1226;12059;...;105635;...;7365;3973;28501;4104;1535;1624;5886;968;15070;21494;2754;429;432;647;6095;8568;...;1064;3031;9233;1240;1133;3334;2340;1015
"2018";"November";"Switzerland";1121830;557671;...;102804;50897;37072;12684;37927;2942;12059;9132;2147;2849;4562;2161;2254;16064;4892;3250;3422;5302;1216;424;4592;2238;406;1120;450;634;473;46089;6178;1871;5507;1050;...;2001;2749;1028;1654;987;3222;136;3404;11112;6946;4922;2131;693;5268;...;52194;...;3394;2970;14063;3841;1227;761;6052;444;3921;9676;2332;470;637;552;3184;6371;...;994;2842;8996;1104;930;3149;2224;910
"2018";"December";"Switzerland";1314872;638116;...;118090;60384;49251;10050;52555;3029;17205;13730;3524;3212;4161;1732;2168;18992;5795;5862;3694;5105;1071;318;4332;1890;425;1069;619;812;483;57901;6068;2460;8181;819;...;2198;2024;923;1713;2625;3136;508;4852;9640;6555;4135;2839;976;14584;...;46757;...;6234;7632;12469;7522;1649;1364;14137;273;5059;11379;2431;714;553;562;3095;8449;...;981;2858;12185;1023;804;3384;2650;897
"2019";"January";"Switzerland";1226739;647315;...;110535;49986;34343;10782;48502;3114;15081;14305;3239;3260;5331;2555;1981;12122;4533;3187;4170;4401;931;408;5119;1972;413;996;535;697;...;49022;6074;2033;12506;1603;...;2954;1660;771;1294;1957;2738;262;4630;5664;6009;3380;2462;831;13256;...;37980;...;3364;3085;14951;2094;586;1623;4149;270;3559;4707;2252;435;598;549;3140;6608;...;819;2596;15550;1116;826;2547;3579;837
"2019";"February";"Switzerland";1332892;698093;...;121408;58778;33561;11543;62286;3432;23742;16371;5116;5035;7835;4104;3185;13144;4934;2782;3392;4653;1122;495;5332;1874;402;1064;433;563;...;46260;5833;1393;6164;1461;...;2310;1830;1027;1405;1310;2705;299;4983;8005;6859;3565;2053;1053;4973;...;56727;...;6700;2820;14765;2585;631;774;3749;273;6519;5067;2345;771;519;660;2258;5977;...;905;2783;9844;1038;857;3002;2175;981
"2019";"March";"Switzerland";1526592;774956;...;156116;62898;43309;14653;60817;3539;22154;22619;3157;4735;9370;4199;3183;16077;6317;3643;3904;5101;1354;482;6809;2922;453;1356;500;588;...;63119;8363;1834;8375;1623;...;2334;1828;992;1720;2263;3392;388;6586;12696;8913;4442;2452;919;5352;...;52756;...;5179;3851;15528;3166;892;1107;5521;424;6485;12385;2950;725;605;740;4122;8773;...;1189;3164;12930;1726;996;4796;2740;1040
"2019";"April";"Switzerland";1384180;623656;...;126681;54808;38965;13637;50331;2794;17447;15101;3201;3694;5843;2926;2778;19040;6112;2214;3449;4516;1079;619;5864;2608;536;1366;455;368;...;65143;7924;2709;8246;1807;...;2707;2792;1015;1686;1439;3288;446;4837;29775;9558;6665;3526;1513;9968;...;74443;...;8592;7057;23377;4893;2242;1350;6030;910;8302;28648;2510;464;532;561;5731;10640;...;1106;3153;9695;1388;913;3290;2203;1018
"2019";"May";"Switzerland";1624902;697684;...;141011;55279;35295;17441;58661;3367;21370;11397;3066;4870;6055;3044;2812;18072;5500;2481;3744;4741;1313;527;6876;3012;514;1222;370;367;...;106706;12132;2423;10218;2832;...;3473;3334;748;1057;1571;3630;210;5507;78211;16195;6549;1785;469;17011;...;97923;...;12459;3495;28778;4103;2380;2045;7438;233;24579;19861;2715;473;559;585;1727;4521;...;1045;3183;12117;1489;1129;4000;2858;1055
"2019";"June";"Switzerland";2006805;858811;...;169789;61225;37979;18188;71916;3778;28397;18614;3185;5018;7415;4279;3800;21337;5914;2511;4652;7509;1823;774;6445;4172;808;1442;510;479;...;155178;15280;3436;10750;2910;...;5494;4108;1346;1684;2540;4747;731;6989;68380;31627;11000;4122;2590;21040;...;112703;...;16670;11213;33787;4503;2237;3191;10543;1474;31407;11409;3533;536;603;667;18111;11320;...;1221;3759;11202;1494;1444;5106;2848;1102
"2019";"July";"Switzerland";2284423;987515;...;191146;71813;40119;21097;80474;4253;49112;32497;4002;11079;11807;8650;4195;26612;5451;2862;3662;6029;1773;690;7700;4869;608;1487;534;552;...;168978;17372;4598;10891;2612;...;4506;4360;1735;1612;2001;3518;1586;12880;44705;46460;11206;7942;5954;22279;...;133769;...;15382;3566;40717;2909;1977;3071;5381;2869;23132;8988;4632;1020;611;853;28104;17668;...;923;4442;13664;1872;1281;7163;3109;1537
"2019";"August";"Switzerland";2270490;1011069;...;204949;84497;55337;23355;75596;3935;45246;26948;5241;5365;6569;3804;3210;36203;5472;2637;4290;6559;1722;809;7058;5265;751;1344;712;870;...;139359;16764;3804;7977;2378;...;4358;3899;1823;1684;1660;3720;1967;13143;33827;37478;9259;9125;10045;18258;...;133522;...;13427;2312;38631;3073;1190;2552;5629;1917;16755;5951;5154;627;618;929;30309;25235;...;1293;4809;13279;2093;1278;6297;3199;1070
"2019";"September";"Switzerland";1958831;926890;...;173477;58338;36703;20050;71068;3769;27862;15820;3349;4723;7494;4400;3244;23479;5277;2257;3598;7886;1642;731;6917;3894;513;1358;587;598;...;152457;18582;3674;10465;2194;...;3981;4008;1197;1695;2067;3523;644;7637;28463;22512;7729;2822;2470;22675;...;98183;...;11614;2949;26827;4633;1555;2765;7043;1303;25170;8123;5600;563;567;714;10105;9089;...;1022;3531;11184;1780;1197;4963;2605;1027
"2019";"October";"Switzerland";1612160;784940;...;133189;54606;35232;14743;48659;4321;18812;10856;2696;4105;5491;2971;2828;17670;4807;2715;3645;5748;1557;526;4902;2880;371;1447;392;320;...;87903;10464;2679;9213;1641;...;3708;3688;1120;1756;1409;3675;410;5811;23194;14027;7330;2839;1435;12407;...;109370;...;9967;4282;28041;4982;2129;1679;6884;988;15499;20351;3191;472;484;540;5861;8101;...;1076;2927;10704;1264;989;3648;2590;1003
"2019";"November";"Switzerland";1154630;589729;...;96764;52383;36181;12375;36945;2778;11851;8364;2237;3042;4586;1897;2017;15876;5402;2788;4074;5203;1102;307;4785;2093;487;1019;352;462;...;51780;6250;2197;6115;1103;...;2783;2578;989;1629;999;3237;304;3515;11639;6900;5126;1536;683;5264;...;52814;...;4938;3352;12288;3796;1270;825;6232;760;5268;8789;2781;404;472;577;3390;6480;...;985;2612;8602;1024;878;2918;2429;1020
"2019";"December";"Switzerland";1381913;678702;...;121069;59249;44577;10248;52837;2889;17789;15407;3907;3233;4596;1722;2083;20804;5671;5249;4819;3531;1119;321;4480;2059;388;986;744;807;...;68250;6466;3037;9412;929;...;2388;2114;1207;1580;2820;3437;328;4639;11433;6079;3805;2774;1166;15207;...;48610;...;8748;8375;12774;9158;2749;1568;14471;1349;4834;12977;2167;432;458;535;2967;8511;...;729;2861;12659;1097;770;3120;2687;950
"2020";"January";"Switzerland";1328894;697768;...;114811;51521;34398;11401;50300;2927;16837;15147;3205;3133;5476;2458;2064;13763;4899;2962;4719;3720;1118;278;5428;1804;446;970;408;562;462;54664;6389;2434;14212;1431;...;2532;2830;1039;1598;1984;2701;224;3791;6630;6365;5483;2623;1111;14194;...;54384;...;5588;3167;14166;2773;1199;1382;4913;1294;5036;5007;2191;469;500;577;4724;6727;...;871;2728;16379;1122;935;3097;3587;858
"2020";"February";"Switzerland";1342777;731214;...;129262;64160;30611;11484;62834;3349;25960;21516;5396;4728;8298;3711;3257;14310;5149;2804;3612;4734;1053;424;5455;1778;379;1056;469;995;607;51997;5954;1839;8989;1299;...;1778;1482;958;1544;1080;2765;211;3760;7099;5830;3484;1999;1368;4864;...;15528;...;3572;2838;11987;1941;632;820;3178;486;2973;4973;2347;725;503;610;2633;6794;...;793;2714;11297;1121;848;3285;2381;893
"2020";"March";"Switzerland";496239;292613;...;49171;20478;10481;4750;18493;967;6965;6082;923;1017;2383;1273;981;5052;1863;694;911;1602;384;112;1795;585;81;316;166;212;612;16991;2858;894;2752;450;...;661;538;274;477;500;816;116;682;2626;2006;961;1140;230;2029;...;3395;...;1500;1242;1548;765;252;415;1663;159;852;2179;604;235;178;213;1129;2825;...;255;898;4635;392;235;1316;1056;335
"2020";"April";"Switzerland";51479;40927;...;3443;1561;1318;334;341;41;183;110;19;24;49;9;16;287;294;49;42;256;77;1;91;67;2;31;10;3;15;343;50;13;40;4;...;23;12;1;36;11;60;1;7;61;23;43;113;50;28;...;62;...;6;4;34;23;8;15;216;0;2;54;30;4;3;9;49;19;...;29;72;108;82;24;37;36;34
"2020";"May";"Switzerland";307372;277369;...;9863;4934;2660;1177;1010;111;873;432;150;98;163;46;79;494;718;131;107;586;462;11;380;145;6;68;7;10;26;1518;175;43;142;23;...;75;76;21;55;17;140;5;38;198;54;156;56;7;110;...;251;...;63;34;97;56;39;21;281;1;28;127;85;26;21;33;34;33;...;108;199;321;87;66;179;84;73
"2020";"June";"Switzerland";716421;591670;...;52291;19426;9686;5199;3474;353;5348;3321;1221;534;485;222;289;1442;1298;296;257;1491;1120;29;1002;647;55;195;63;53;166;3906;392;95;282;80;...;189;126;65;129;59;287;24;163;873;367;273;62;34;373;...;879;...;217;115;380;107;104;89;389;18;224;214;154;86;83;111;307;197;...;221;810;601;306;242;777;198;180
"2020";"July";"Switzerland";1539928;1189211;...;128737;53555;21103;11560;13960;733;32325;27160;2246;3652;1357;919;1022;5615;2248;706;399;2430;1990;85;3181;1739;176;477;208;180;83;9441;1148;237;438;88;...;284;370;108;357;181;754;32;299;994;1232;507;161;97;756;...;1652;...;411;152;608;74;108;155;440;50;301;477;384;322;199;355;627;997;...;424;1732;1224;674;402;2968;425;226
"2020";"August";"Switzerland";1525425;1079180;...;163293;85633;33407;15560;24403;916;40299;17955;944;2952;1922;520;504;6150;2878;807;534;3084;1595;113;4617;2123;152;588;293;287;106;8469;1763;190;571;126;...;359;351;179;471;126;870;35;373;647;1047;905;259;179;719;...;1727;...;248;85;492;141;153;201;436;29;108;353;551;535;186;263;641;1138;...;498;1594;1723;838;626;3533;557;315
"2020";"September";"Switzerland";1291992;1004036;...;125323;38504;22087;11173;9089;713;25481;5866;1578;1927;1808;373;446;2558;2387;898;472;2514;1787;78;3352;803;96;661;157;170;90;6761;1663;178;567;134;...;288;336;169;419;81;848;21;266;574;865;565;133;48;626;...;1732;...;307;90;629;99;124;164;444;39;201;408;423;271;145;180;367;951;...;245;1039;1810;616;483;1431;405;420
"2020";"October";"Switzerland";949466;796811;...;58462;28479;16028;5099;4061;431;3689;1777;362;491;1431;177;621;1920;1299;698;386;1710;1226;29;2164;461;44;557;102;64;36;4527;1146;236;436;96;...;240;217;129;283;93;541;15;252;522;968;397;268;63;361;...;1735;...;201;125;699;80;82;94;340;33;319;485;335;116;128;143;250;549;...;263;1104;1451;376;244;334;292;283
"2020";"November";"Switzerland";...;...;...;...;...;...;...;...;...;...;...;...;...;...;...;...;...;...;...;...;...;...;...;...;...;...;...;...;...;...;...;...;...;...;...;...;...;...;...;...;...;...;...;...;...;...;...;...;...;...;...;...;...;...;...;...;...;...;...;...;...;...;...;...;...;...;...;...;...;...;...;...;...;...;...;...;...;...
"2020";"December";"Switzerland";...;...;...;...;...;...;...;...;...;...;...;...;...;...;...;...;...;...;...;...;...;...;...;...;...;...;...;...;...;...;...;...;...;...;...;...;...;...;...;...;...;...;...;...;...;...;...;...;...;...;...;...;...;...;...;...;...;...;...;...;...;...;...;...;...;...;...;...;...;...;...;...;...;...;...;...;...;...
